{
    "rmse": 0.6828846767531555,
    "mae": 0.5254462819784056,
    "r2": 0.27351381563442667
}